--
-- PostgreSQL database dump
--

-- Dumped from database version 16.2
-- Dumped by pg_dump version 16.2

-- Started on 2024-08-05 02:10:03

SET statement_timeout = 0;
SET lock_timeout = 0;
SET idle_in_transaction_session_timeout = 0;
SET client_encoding = 'WIN1251';
SET standard_conforming_strings = on;
SELECT pg_catalog.set_config('search_path', '', false);
SET check_function_bodies = false;
SET xmloption = content;
SET client_min_messages = warning;
SET row_security = off;

--
-- TOC entry 4 (class 2615 OID 2200)
-- Name: public; Type: SCHEMA; Schema: -; Owner: pg_database_owner
--

CREATE SCHEMA public;


ALTER SCHEMA public OWNER TO pg_database_owner;

--
-- TOC entry 4886 (class 0 OID 0)
-- Dependencies: 4
-- Name: SCHEMA public; Type: COMMENT; Schema: -; Owner: pg_database_owner
--

COMMENT ON SCHEMA public IS 'standard public schema';


SET default_tablespace = '';

SET default_table_access_method = heap;

--
-- TOC entry 222 (class 1259 OID 41219)
-- Name: employee; Type: TABLE; Schema: public; Owner: postgres
--

CREATE TABLE public.employee (
    id_employee integer NOT NULL,
    id_person integer NOT NULL,
    service_number integer NOT NULL,
    date_admission_transfer date NOT NULL,
    id_position integer NOT NULL,
    date_dismissal_transfer date DEFAULT '2999-01-01'::date NOT NULL,
    date_creation_record timestamp without time zone DEFAULT CURRENT_TIMESTAMP NOT NULL,
    modified_date_record timestamp without time zone
);


ALTER TABLE public.employee OWNER TO postgres;

--
-- TOC entry 221 (class 1259 OID 41218)
-- Name: employee_id_employee_seq; Type: SEQUENCE; Schema: public; Owner: postgres
--

ALTER TABLE public.employee ALTER COLUMN id_employee ADD GENERATED ALWAYS AS IDENTITY (
    SEQUENCE NAME public.employee_id_employee_seq
    START WITH 1
    INCREMENT BY 1
    NO MINVALUE
    NO MAXVALUE
    CACHE 1
);


--
-- TOC entry 218 (class 1259 OID 41204)
-- Name: person; Type: TABLE; Schema: public; Owner: postgres
--

CREATE TABLE public.person (
    id_person integer NOT NULL,
    surname character varying(50) NOT NULL,
    firstname character varying(50) NOT NULL,
    patronymic character varying(50),
    gender character varying(3) DEFAULT 'Муж'::character varying NOT NULL,
    date_birth date NOT NULL,
    phone_number character varying(30),
    email character varying(100),
    photo bytea,
    date_creation_record timestamp without time zone DEFAULT CURRENT_TIMESTAMP NOT NULL,
    modified_date_record timestamp without time zone
);


ALTER TABLE public.person OWNER TO postgres;

--
-- TOC entry 217 (class 1259 OID 41203)
-- Name: person_id_person_seq; Type: SEQUENCE; Schema: public; Owner: postgres
--

ALTER TABLE public.person ALTER COLUMN id_person ADD GENERATED ALWAYS AS IDENTITY (
    SEQUENCE NAME public.person_id_person_seq
    START WITH 1
    INCREMENT BY 1
    NO MINVALUE
    NO MAXVALUE
    CACHE 1
);


--
-- TOC entry 220 (class 1259 OID 41215)
-- Name: position; Type: TABLE; Schema: public; Owner: postgres
--

CREATE TABLE public."position" (
    id_position integer NOT NULL,
    name_position character varying(300) NOT NULL,
    id_department integer NOT NULL,
    date_creation_position date NOT NULL,
    date_liquidation_position date DEFAULT '2999-01-01'::date NOT NULL,
    date_creation_record timestamp without time zone DEFAULT CURRENT_TIMESTAMP NOT NULL,
    modified_date_record timestamp without time zone
);


ALTER TABLE public."position" OWNER TO postgres;

--
-- TOC entry 219 (class 1259 OID 41214)
-- Name: position_id_position_seq; Type: SEQUENCE; Schema: public; Owner: postgres
--

ALTER TABLE public."position" ALTER COLUMN id_position ADD GENERATED ALWAYS AS IDENTITY (
    SEQUENCE NAME public.position_id_position_seq
    START WITH 1
    INCREMENT BY 1
    NO MINVALUE
    NO MAXVALUE
    CACHE 1
);


--
-- TOC entry 216 (class 1259 OID 41194)
-- Name: structural_division; Type: TABLE; Schema: public; Owner: postgres
--

CREATE TABLE public.structural_division (
    id_department integer NOT NULL,
    department_code character varying(4) NOT NULL,
    full_title character varying(300) NOT NULL,
    abbreviation character varying(30) NOT NULL,
    date_creation date NOT NULL,
    date_liquidation date DEFAULT '2999-01-01'::date NOT NULL,
    id_position_chief integer,
    id_parent integer NOT NULL,
    level integer DEFAULT 1 NOT NULL,
    date_creation_record timestamp without time zone DEFAULT CURRENT_TIMESTAMP NOT NULL,
    modified_date_record timestamp without time zone
);


ALTER TABLE public.structural_division OWNER TO postgres;

--
-- TOC entry 215 (class 1259 OID 41193)
-- Name: structural_division_id_department_seq; Type: SEQUENCE; Schema: public; Owner: postgres
--

ALTER TABLE public.structural_division ALTER COLUMN id_department ADD GENERATED ALWAYS AS IDENTITY (
    SEQUENCE NAME public.structural_division_id_department_seq
    START WITH 1
    INCREMENT BY 1
    NO MINVALUE
    NO MAXVALUE
    CACHE 1
);


--
-- TOC entry 4880 (class 0 OID 41219)
-- Dependencies: 222
-- Data for Name: employee; Type: TABLE DATA; Schema: public; Owner: postgres
--

COPY public.employee (id_employee, id_person, service_number, date_admission_transfer, id_position, date_dismissal_transfer, date_creation_record, modified_date_record) FROM stdin;
1	1	111	2022-01-02	1	2999-01-01	2024-08-01 19:56:07	2024-08-03 18:17:01.223107
7	3	113	2023-01-02	4	2024-01-01	2024-08-03 01:51:38	2024-08-04 00:34:52.7954
2	2	112	2024-01-02	2	2999-01-01	2024-08-02 20:03:31	2024-08-04 02:31:36.619737
9	4	456	2024-01-04	3	2024-08-01	2024-08-04 02:35:05.634762	2024-08-04 02:35:05.634507
8	3	113	2024-01-05	5	2024-07-02	2024-08-03 01:52:05	2024-08-04 02:54:12.024988
10	3	113	2024-07-03	6	2999-01-01	2024-08-04 02:55:45.486354	2024-08-04 02:55:45.48564
6	3	113	2022-08-02	3	2023-07-01	2024-08-02 20:41:58	2024-08-04 17:25:05.599223
\.


--
-- TOC entry 4876 (class 0 OID 41204)
-- Dependencies: 218
-- Data for Name: person; Type: TABLE DATA; Schema: public; Owner: postgres
--

COPY public.person (id_person, surname, firstname, patronymic, gender, date_birth, phone_number, email, photo, date_creation_record, modified_date_record) FROM stdin;
1	Петров	Семен	Игоревич	Муж	1986-02-02	+79999999990	\N	\\xffd8ffe000104a46494600010101004800480000ffdb00430001010101010101010101010101020203020202020204030302030504050505040404050607060505070604040609060708080808080506090a09080a07080808ffdb00430101010102020204020204080504050808080808080808080808080808080808080808080808080808080808080808080808080808080808080808080808080808ffc000110800c800c803012200021101031101ffc4001f0001000104030101010000000000000000000a0708090b040506030102ffc4004310000102050302040404030408070100000102030004050611071221083113415161091422710a3242811552622391b1f01724337292a1c1d11634437382b2e1f1ffc4001c0101000105010100000000000000000000000503040607080201ffc40035110001030203050702060203000000000001000203041105122106314151610713228191a1b13271141542c1d1f023e152a2f1ffda000c03010002110311003f009fc42108224210822421082242108224211f375d6d942dc71694212324938c4117d211829f885fc793a7be842e098b058d33bff597521b487172328f354e956dadbbbc454c3a16a09fca33e1f391b731847aff00e2efd449f9b5c9d9dd1a58f42424e7e62a9764c4e0293d8969b97671c7aae283aa5834255c3292476a029c74221a960fe28dd43ae493155af74dda77374e0e00eae46ab38d0dbe7ce1e2839e32a188ae72bf89c688c54e59756e984396fad4a0b5c95d295bad8fa769e59da4649048edc67116ff0099c3c4fb1fe15d7e533ef02fe614ae211877e9bbe38dd0b7508991929bbc2b5a3f703ab0caa5ae7960db08788ff67f34d15b693e9bf667b8f3c65a2ddbb2d7bbe9b2b58b52e2a25cb487d3b999a909a43ed3c9e394ad0482391d8f9c5cc550c93e837567353c91fd62cbd042108aca8a421082242108224210822421082242108224210822421082247f2b5a5b495ad41291e7052d2849528e1223085f177f8b95b7f0f8d399e95b4e892178eaf4db3b2972950695fc3db7540e14fad2b429cdbf4a8b4d6e56149ced0491e5ef0d172bd3185c6c157bebd7e2d5d26fc3ee9cd35ac5764c4d5e5352aecc53a814947cccecdedc0c28272964127853a403ce3310b8ebbbf12ff533af8ab86cee9e5372e845b1333010d4ec955d4e4ebd28011828f092868af3957e623b02398c0af57fd737515d646a6d4b5535deef66e1b99fca11f2f2adcacbcb33fa5969a6c001b4018039c73ce4926d2658d52a7bd682a4b1bb69c1fce33cf9f3f688e96573ba05270c6c6f52ae0e66ff00bc2f8b867abd74dc350add6271e2f4dcf4d38eccbcfa8f72b7492b59f7398aa1214eb627249c726ea3333294a36ee9656d758c8f20b0a1e67e957a450eb192f4b36b54ec9a9d61273c952027d0fd247b76cc56ca45c526d4c2da9c9752a60b4592eb9f52ca543e9fab1cff00f23cf9e7cac256db729185d98eab874b9792a3d41ca9484f4b57253c221d286cb0f38903b846480e8c1e390a231cf063d05cb3b26174f6edcadcdc9d48ff00688982bc7e6008c1eeb6d5907eace01c1208c9a3b3819554dc4b089895990ada871a040573c7078f2c7391cf78ee5325724f4bc8b5334878a6592a0db896160a5049511819ce0a947cf852879e0d1739b704955a363b50d0ae46c4d479e9869ea14e3ac532ec970165b7ced13a803e9dae76503f9825401042b05240ce513a0df8b26a97473704cae9759ad56b4a9c9b6955db5e62772253ea4a0cdca294080a49e52b07fa57b9398c17dc540ab3e9a63d2eb99a555da5ed616a514848ee0059e549ce7edc7b88f394cb82e0a24e313efb4b69d536a44cb2f27e975b57d2b201e39e41f220838c80629b636939d86c5567cae0deee4171d56dd4e8e3accb17aa7b22835ba255a46766a76595372330d214d26a2ca480b05b572d4d325484bcc64ed2a4ad0a5b6e21517b91ab27e1c7f11bd53e8f7516d695a7576a155b26567d8a9b94c71c2e4bbe92c9643cd249e1c0d38507d424a4e424636756916add8dadfa73696a9e9cd764ae2b3eb52899c929965591b4f742c7e95a14148524f21492226f0fab2f058ffa87bac7b10a31190e6fd27dba2a99084224547242108224210822421082247e039cc7ec20890842089084208ad13ae2eabec7e8afa6ad51ea12fd4bb3b4fa253d5f214e655fdbd62a2e1d92f26c81fadd7149483fa46547b46ac2f88af5cfd46f57da913f5dd629f4d2a4e5a71e98a5d09a404a28e9731940e3728f037138cab71c64c4ee7f1185e16f5b5d3adbf52bca7275ab729487ea14f94666cb4276baa9a946a594b42482b4b6cfcfabd13b8abba5246b4ebcae996af562b4e2e726aac875f755e24c2d4a53a4ac9f1003f52493f563247311b52e2e7e5e014a52b1ad666e255287dc43f36b5a192a4800a81e529fb7b64f022b5e9969adf5a87526e9f6652276a93594fd6d24ec607df181fbc7a1e9fba56d4fea1eec92a5d8f477dda5a5e41999c7d5e1b084e467ea3f98f7e06626e9d04f449a59a1964d06892d4391ab569694aa7271c6812eb9e7fb0c903d2302dabdb48a82d0c5674a7872fbff000b626c7ec4495a0d45402d8bdddf6e9d5468ec4f8746bfd4e45860daf372334da3c57dc71b71494e7f4a8007ea3e83bc57ab47e145d56dc0dac2b4aaab354f57097ccb1497138e0ed5608f2e3989d3d8561dab4b9361891a1d2649b4fd412dcba52377f3600e4fbc5c153a4e5db424784d01e584e046194fb555d36a5c0797fb59c498061f168c88f99507fd31f80c750379d4a49770db72d40a4150538b9a7f6ec4e7c92a19cfb0fda32b3687c05b4c2dea14acb552e69f5d48616f96c020b981f9547b60f3c7a7ef12470d23661200f68e338c21615900fb18545654483c4f27dbe17aa78628cde3601e57f95183d64f83edbf37354895a1cab33d4a9365695098560baac11b828a7215cfdb81de30f3d407c34eebb02567d97a8b36f5010f618f18f88b6f0824ad0b3821b00e0e783e4079cee6eb92972d2c16d07c8e0768b35d58b2e957248bf255190959d64a4821c405707b81e991101263b554aff03ae391536da0a6aa6e59e31af11bd6bced41d13beec5a6c8dceccacc2a429e971a6ca73ccb8576278c0c9c8ce3cfbf312c2f8027c5eb4fb4bb4b1ae9cb5ca49746a1333ca9a62bac2d4f1a7a9d2029c9b6b93e064272e37928e4ad3b7ea1e43aa2e95adc99b1ef9a752e972a9726651c7c27071b8038e0790f4ed119ed1da34fe8f5f776bd537e7a95374dc4d494d3190adbe2149fa7f50e15f4fb11e698d99b2fb4aeab88bdba3dbeeb58ed7ecb474b2b6d7eeddec4715b7ba9d51a7d5e464ea94a9d94a953661a4bec4c30e071b7db50052b429390a490410470418e6c465be04bf11eb73536dca374c1725c8dccad0cacdaab7de04cbad09deed392a272a6f6e5e6bb9092a4f6da049a7bf68d934358d9e3ce343c4722b55d751ba09321d4703cc242108bc568908420890842089084208908420890270338261082289afe2cbaa3546e8b34f261c4204e4edd89a6cb0c67c6714d6ec647203694b8e7bab03b6635f3e955ac2ad56a7b8b9554fcebf329979541054924f75aff00a520838f689b7fe31990bfdbb5fa3cab2abd308d2c335586534d0a4841ab84b4a2f903ea528b0ad809e1237e32567111ce9964259ebaecd93d8da9ec078e5580952b19cfd86d1f7e3ca20b1aa9ee627c9c87ecb24d9ea2fc44f1c478903dd4923a27d25a05916c5bb254d906986db97492ad8015a8819511ea49cc66fb49bc09532a9c676f181c7318c8e9ea51b96a6d310808480d81ec3fce23263a78030f34adc549560927ce3909f52e96a4cafd492bb06aa99b1c42266800b2c80597389719464800790ef98ac326e23820ace628259695f86d04f7e3b4578a7b052da14ac923b46778692405af6ab795ddee0401bb77de3f8714900923b0ee7ca3e85b213c648f48e04c21c5020729f3c44e5aca3982e553eba9d4292b390460f78b5fbbde003e02b9c11173573c9a821cf3577c9316cb75046f587329e78f28c2f1727392564b871dc1594ea74b4bce4cbeccca438c16d4858c6720c4573aceb45cd30d4cbcd0c34db14e980e38d849da94b4a502369f4e13fb807ccc4ad6fd9749989e2bc905b247a888cbfc4d9a2a7dc5cbcc66676380214082ea319291fb67b449f67b585b5c623fa95b6ded107509938b563e7a34d72bd346fa80b4eedb1ab4dd26b74cabcb5525141784b4e32e85e76fa1e781e590636dde926a0496ab69769dea6539bf024abf4492ac36de08f083eca5cdbcf3c1511fb46973b0ea53b4dbc649e965a1b7d2e8f0b71e1433dbfbbccfac6e1fe846e36eefe8bba56b95a530b6e774fe84f82d90538324d8ee3cf8e7df31d1b42ccb29b711f0b99eb5f9a26df815761084225d44a4210822421082242108224210822421082283dfe321766c533a2b655335e7a9e45c6a4cba5b299469cff53cb8578c29d50da909c8da9493faa2243d22b0e55755e8d2ad34a710de1cf3fa40c72af618e07ac4ff00ff0014774ad37ae9d0bdafabf4a5ce3953d36af7cdbcc34da97e248cff00872ceaf09f3438995393c0495931058e822da9b3a9b72b8ecb92e4a844b2881829e4e7edda310db19b2514aee9fe967bd9f41de6250b7afc6aa515d3eb2552d24d6fe3c348464e7071194ad3ba4149656e05ed007788c8defd6fd73466e797d3dd32b4a6aeeb8dbf0d13d36d0ca6556a008691c1caf18cfdf11ee6afd537c57114e6ee0b574c852a84bfa92db72299c79292320f8656076c7efe5e51cf585ecacaeb4d310d0775c80ba471ac7585c6384175b4d012a6156a2e5e590c21c5202c81c662bc5396d3ada41c6220f9667c4fbe23369dc14ba65e56555a670b05c135490d25c4e7c900003ef931271e91fac146b8e9ed16bd599355bf70a90944d4a3836f86e639da0f97bfde32c14cda621a4820f220ac44c6f9632f0d23ee08f95926c202776f03fc23e4b79953654820e070629acd5da9120a9940de319073c4611be20fd7ef521a5f7dc8d81a176c5519a0ff000e6e65eaacbcb36e9989852940b695ab3b129094e7e9c92af48b81332f656d0d1b9c6c1673ae2699765cee5046e040cf7316bd785154e078a4a96064c45466fab1f8a3d7eb687e9556d489f61f7096a4a55b4bea0e6072b2e278473c67800631c662e2edbd5cf89dc9d2973fa81625de29edb654ecd4baa59d5f87df78612e67777c803d47a459e2586412b336617e84293a46d44725b2903990565375112e34a7cec51c24e79c63bc461be2cf2b38d3d47aeca78a896c90bc64107c8fd8e31edc465874f3ad73a9b754be9c5dd24eff00177d265db9c5b3f2af36f803fb37e5d5ce09e0281ce7191e71663f14bb0855743aab5d6db0899a7b89980a03276ee09524fb7d438f68c6f0089d458ac61fb89b7aa99da068a9c3260378693e9aa8c6596cae6eeb904ad0a712a7c7864a49e73900e39f6c0c7ed1b7dbe1936aaacaf87f74896eaa727278b362d31d0b7c82b4875bf14238e36a039b07b246635677427d3d54fa80eabf44f466994e9eaacc576e19492328c8214a614a0a797bb042425a4bab391d911b7fad8b768f685b941b52dd926a9b40a649b34f919747e5625da4043681ec129488e9fa46ddf7e41724d49b36c79aef2108448ab2484210448421044842104484210448423f15c039e04115b8752378e81af4faf4d24d6cd4bd3eb2e997450e7692fb158a8b0ca972f30cad9539b1c50fa46e2413c6477e235a0f43d61c8495ff00ac29a4cca6b34e66e0fe172f38949db36db5b93e2a73ce140050cfa88915f5c551d48bcb59f56350a835776b28ad56e6a49891983e234e4925bf0da6803c801bdb8c631dfccc6107e1a54470395c939d976da9f6eea9c62699231e03ada824a31eddbb7ac694da7da975652d4441b60c200ea2e75f6f75d2d80f675f93d45254be4cce9585c45be9361a7fdadd6caf65cd38b6f4b5eabdee9b5659ca8a9666d731f2fe2bca563f493ce7fba28babab6eb1b506957d4f682db144a3d1e8128a7df98a9d39535f3003812b4b20fd2e142495a88002424e37e098cff53f47addb9a832f2f3d4c66693b52a52549e09c7191e9e71c4b4fa4f6ed27a6e6ed25d3696cbce170b458e0739201041009278f7f78c030a99ad903ea199c059dd63d92d33a263fbb79e3607fbfdd5470b412b5d78f53b75ae56b35293b75fa6509ea8d71cadc8537f872a6d2a514332eb953bdb4ac06d203c77e5c49194e48bede98750f50a857dd05aac5226a8a0cf2a4675969ddec0792a2956c3e9949e39f220904139b1a3691d629324a666276972b2a9515a9a95964a02c9fe6f5fb45b86aa5b92f337b5216997a7b05a5214532f2e96f2b4ab3e228240e7cb3179b49554d311253c423fb69f0a9ecb534d04469ea263313c4f0594db6d992ac588b99f99f16692ce5610321071db31837ea698bc24eb97155edcb65fb867133299493696a09683ca384efe413c9ed9ec09240063387a70f21ed316b6723c1191e87116fb45a3481bb6a41f61a29794ac852124024fe619cf3ef142b2973b632ef35e70e905349239a2f65191d77bd3e24dd365cd68d52cc72c1d47b62ad445cef814ca2cb06e4e78a094cb871d43aa712952769fc8544a4ee40503156293d5c75d1605bda79726bee90da359a6d765fc6985dbf2b3122fd213bca51f30d2d4e240581bc1006d046e001cc4935cd1b97712552751996413b8278fa73e9ea23c8d6ba7f94aab81cac4c89f6c7e92c200fdfd627aa6781d4ddd36001c388d143e1f03e3ab7544d505ec3fa4ffe1fd96316c8a551353e5e9f7ba2d8936ea4e00e21e99936c4c3591c85286770f704831413adfd38173f4edaab4a7a593bc529e753b8676a80ff002633794dd1fb62d5939a4d36992b24cab2bdada404a55e6401c463dfaafa3b6bb26faa7a1b2e4bb94e7c287aa761ff00a4620c8dec958f76f04293a9a864b9d91fd245b5e4560bbf0f7d534e34d7e243655e1abd316c50a8829f354da3d46a35144ba59abaa4f09294efdeb50429d4e4a4b79700c85623652c94e49d46525a7e9f352d3b22f369719799585a1d41190a4a870411e62358d741fa0b7b57f56a7f536d7a4c9a11449c6a4e56b0a682fc17dcfd0de782a425457ce40dd9f2113eff0086b4dde2ff004d325297ad4ddaad424eb33b2ccb8a4edc340a541200e00dca59e31dcc740e11b4824ae3401bfa6f7eba68b4363db06ea7c19b8c978f13f2e5e3adc83ede6aff00e108466ab592421082242108224210822421082247cde6c3ad3ad28a8254929241e40223e908228b76b9d853568df4c59f7132133d235c9a9578a7e9f1141b4ec701feb4a4281f42230cb6e53685a75d4edfd51b76555252557ac8a9bededda8f9a5a12871c4f97d65a0a38f327d6250df14bd355d25da06ad53a51f7513894cb3ea6d19f067e5c15b2bcfab8d07107d432079c462f5b5e32ba882e3a7c93ecd24cce5b98db843892410907cb015dbef1cd78ee18ea5ae9a9b81171d45ae3d2deabb5b06c71b89e110573ec5c0069e841b3bd6fa745203d1baa3155a5c9b8929285369e7d788b9d9195410024a718cf6ef18cee96ef6150a353429ce4200c13ed192ca1cfa5e97032920a7bfa443e1f202cb287ae8ad22e9ee89812d26f94b67f29e4fda2c41d4b9735ecfcb3214a7fc429591c8401d87df98c81dd4dcb0a34f3ee9491b4ed1ef1813d50eb6acee9d1976ab5893ba2a35097a84d31537a429ea9a449a8384a94e849dc3c8f009c7611f6aa02e7b40d54de0d012d716f059fcd3d9799a7d9aec89dcb56c20122289cca954cb85334f953692f633e849ff00f916fba37f124d2ca96973157fe334b01f960be541487063bef5636f97e6c11d8e0c503b2fafed30d73bc2b16fdb46a351c2fc0959b624dcf939874af684b6fa800b567d38e3827bc48cf233bb6ebfe97c830ea8748f059a73e7d566828cf17a5192b42791dcc763332e82dab711c0f311e7ad72f22894d338adf31e0a3c43fccac7263ba9f9b432cf2ac60727d62f9a2ccd56332b40370a99de33ed4bca389494a4e0f318b2ea441afdb57dd3259c6d339314b9961a39c6d714da9293ed82446407526b25a6a61485a4f71cf63c4635efaa82ea7527249b666661c7df43496d9495ad7950fa5291ca8fb088c85e1d50d0786a923488491bcd979ae81346d5a2da2f2942a849b4fd6a5a791529d77c3296e66614a46ec039c2461281ec044a83a6bb51368e8fdab245096df994ae7dd006012eab20ff00c3b6306761d06a086e4e9b32d3d27519ca934854b29b29534d254160ac0c81b95e18c649efef1233a4d3daa4d2e9b4b631e0cb30dcba38c7084848ff0008d89d9cc2e92796a24d48005fa9373f01619db1570652c1491801a4dec37784003dc95d842108db6b40242108224210822421082242108224210822a4dae1a4541d71d33b9f4dee075d936279a065e6db482e48cca0ee69e483dca540123f502a1e71116ebaba6bd5ed2aa45d94dbbec2ac5329b20fb73ed55656596f53a6d291e1975a980929014140ed514a81c023222685143ba96d2c6b5b340358b4a56df88f57ade9da7cb8ce00985344b27f6712d9fda319c7f66a2ad2253a3dbb8f3e8566bb29b673e1c1d0583a279d41e074f10eba79d9443fa4dbdb6d3a9aca9c0923093cf9711987b52eb947a9f2eb43a508da127311c9d0db9e7aceadcd50eaed3b4ea84b3eb969865c4ed530ea5452b4287910a0411e44465aac8bdd4ec830a696a5e48510939fb18e6b793048e690ba75d109835e0e855f2dc95b4bf4c71b0e2d4ded2064f97bc633f557a29d25d5bbbdfbcea36d4aff00e207d41c7e61b49499a207d2a713d94476c91e515835575aff00d1d69f4fddf3746b8ee34cb24ad52f4b945cd3ca48ef8420138e62cfed7eb6f572fa9a69368e82dfb4da7a4050726248875c190028059484e7de2f6169905c5cfd94ce07845754dc5268389bdbd5551a5f409a7946a9492136e872414e853acab7784a70e7ea28ede5e9170da5fd1968c69fdeac5ff4bb3a96d5c6dac94cd21b3bd0ac63e94f6cfbe322281cc7553d47d3d8725ded20d5a5d41580d369b654e29cff0075c405208e4739f28ede9dd44754b23246b13fd3fd7ea521bb3e1cccc4b48cd6719fa52e39851f6e22f7f08e03c2c254ad4ec7e2ec667ef46eb5b35aff000b2fd4eaa4a7c8b2d8730b000c67bc75b54ac296ca908052903ea248efe9162ba4faeb70df74d6a7ab7655e763547c552552d56932c95ed383e1ab94389ef8524907b88afd3772adfa5bb34eabc305314e4a8b1b05afa7a495b78e51621524d56b9c3489d6ca94957d400dde58ef16d5a434898ba75429f50696e32cd39cf9d5381057829fca303cc9c47db54ae233cf4c8f192a00e0951ef194cf84ee9c3b2369ea2eaa4ecb16d5519a6e9324b577536d7d6e907d372d03ee93e917fb23863ab6b0c77b0b1d563fb5b8b0c3e8c4b6b90458735527a76d17ae5e771526f2b9ede9ba1da34e9a13d2ea9a654d3b559949ca36a14377840e1454400ac0033c91934863108dff008360f15145dd47af33cd73eed063f36233f7b28b01a003701fdde908422594124210822421082242108224210822421082240f30841142d3e2e3a6367e8575c1744ed9930db72f72d3656ec9fa7253b7f87bf32ebadb8b4e3bb6b75852ff00a54e63cc4793d04d4f44c30c3334e07094809492091ff3e3b4794f8fcd5ae098f884cf54682e813743b468b27b48dc8712b43af2da713e69507b91f63dc08b02d0fd646642a32a55e2cb80a485b0e9ca995646415798f43e63de39cb6da918eab91f10dc4dff0095d61b0d23ce1d132637bb458feca42746bb65e9b22e37e236e36ea48093db07cbde29e269b4390ad0ac505f9ca1cd156f71a4a43ad28f7e10aedfb4525b2ee44dc72328fb53697014f91ed171f6f5aa99e44bcc780978e72723bfbc6bea2ad9637d98567b41884b46ecd13ac4efebf71b954cb7fa82ba98613464b0f38507fb377f879040ff007b38e239f500cde33f2f56bb2a93b36948c0612021239cf2067edfbc76f4ab069e8cb8b93d80000a7f4faff7c77d3d6d332cd054a30509ed8c76fbc6553633565967bae1513b40e0e3dd80d2788162ba3b86b123372d24ccab68946d84e1b48edb47022925e7a94e48c92e556509da8d84e3bc72aec9e34c2fef7704248c7f2c58eea96a2341c7a5fe65b477e4ab6803d73e4388c6a392492521bbca8b786dae7705dc4e55dfbb6b69a732e32d4b85ef997d47e961bc80547f72001dc9c0897a68de9e5034a74c2cab02da654d52a9d20d349528614f2c8dcb715fd4a5a94a3f78846591754cdcb7550a9d4c756ddb689f696e383833ef6f1f5a8f7294f2129fb9ee6276d238f9395c0c0f0d1ffd446f7ecd69a28db2b5bab85ae7ef7d1689ed56695ce87368d39881f6b6a572a10846d25a8921084112108411210841121084112108411210841123f1470951f68fd8a05d4aeb5d3741b492f1bf671c47ce49d366e7184119c865953ab5e3d129493cf19291e71f1ce005caf4d6926c143e7e288db7a83d7d7522f952665b969c91a5a3fa4b122c20a7f656e8c47dcf61cd50ea2b9f9542a5d6951c81ed17ff006fdcd50d60bc6f3d4daf2dd98a95c35398ab3ea5af7ab73aa2be547b919c67ce39779699b13ec2d5b119da71c707ff00d8e57c4f152fae9641b9ce3f2bb2308a21050c30bb7b5ad1ec1518e9f35d676dc718a4d54ae6d8dff4afcd29f71195bb0ba8eb69ea7c9044e4b249500b4efe418c165d967542ddaa3aa962e36a0ac852723073eb1dfd12fdbaa44b2dcc265e702782a75afabfe2188b7fc144f777add0aba99cf22dbeca4792fafd6db2c328767d201e371561238eff0068e2d53a83a032d3a25aa92efb453c2828633c0c7b9f68c10cbeaa5c930da59724dc69094828d8b571f6f68fe26b532efa92552b2ada1927e91b813b4ffde2a4ccbb6d9bd95ab299f7b90afcb5cfa9ba6b1f312f4c7d332f29273b0648f61ea62c4996eedd50aab6263e699a7a9456b192729cf9ff0084736dcb1aa3704da5ca97893732b23255ff0048bebd38d3362424d90db2463007619f788b6ccd86e23de78abd7868177af2160d9addbf55b61a699c211392e4923007d63fedfe3138294c7cacb6391e1a7fc04439abb28d51a7298a523c452661a527e9f3de3b7bc4b7f4aafda16a6e9fdaf7b5bb32dccd2e7a510e24a4e769c608fd882236f764b35db3b4efd3f75a3bb5ecce741270f17ecaa142108dc6b4ca42108224210822421082242108224211e5ef2bdaced3bb6aaf795fb755bb655a34f64bf3f54ab4eb7292924d8eeb75e70a5084fb92208bd447cde79a61b71e79c434d21256a528e0252064924f61ef119beb4ff143f43dd3fa2ab6c74e9215ceacb505acb6998a628d3edf6178232aa83a82b7c038e18696957f38ef10efebdbe38dd7775ea276817f6a2a74c7491c59d96659e5c90a6ba9ce47cd39bcbd36471c3ab28f3084c5d4748e76fd15174c386aa7f9d62fc733e1c7d19c85c32576ebc5bfa9fa95248506ed1b29c4d5aa0f3d8386dc71b3f2f2fce028bce276fa13c1b679fd72bd7e269d1c57ae6559ec69cd46fcd38a9aa81446271532aa7a269a5aa59b79f525016f29058dea4a529caf00606e3abf9531333efbe1d7b29515018fb77c46cbcf86754cc9f497d2cdc4cc9cd2e4dcd3ab6a650020e3626450d380fa10a4039f4293d8c5be234d66868dc55dd0c843f3f10b10fa376a4ddbf4f97a6d4e55c939c68069c6569295b4b1c290a1e441c8fda2e8dbb75b9a60a14d25d52810079c64e3a96e91a9d774dcdeb4e94c92ea130fff00acd6a9b288fa8b98fa9f6d0392afe740e49fa864ee06c6a994b792b0da9b086ca77020e4673dc1f311c998ee03514152629868771e0473fe4705d5d866d353e234c2684eba5c710797f1cd587ea86942e65f79f61a4939f24f78a172da7003cda5f972de0e085718f68cb457ecd454982b2d074119fa5391143a734d819a2db72c804ab8253c0f63162d7b9aa562ad05ba9541edbd259099a7a5d6980b4e3f37720c7cff00d1e53e5667c36257760949594f2559ef1712c59f57a52549910fb6858c1039cfbe088f4f4eb317965bf96525d2a1b94ac9da63e49213a2aa2a9a1b9aebc1e9ee9f4bb930c032e42380079fef1767216eb34d944e1b0d948ce0771eded1c9b36d34c8042880a3cee3b7931ee6af289698192968e31c79fbc796c16697151b5154647581d15a26a8171a951329090a695bc0ec0281cc5f17c217ac216de91752745d65aecdc8da5a753e2ad3f507195ba892a54c34e3e1e09402a2948696e280048fed4e388b3fd46956e624a62599dcf3f8c04a51b94493c00072493c01dcf188c837487d25cbe8a6876a354f52e9045dba946565ab7487d00094a621a725d995700ffd42dcccc2dc1dd25c08ee83199f65c673891c83c001cc7e3d4f0f3e0b15ed1cd30c18f7a7fc848ca38efb9f6de7cb8acdfd87a8163ea8da342bfb4e6eeb72f9b26a8c266a9d56a4ce3735293ad1eca6dd6c94a87970783907063d7c6a54d0aebe3aa7e87f51aea97e9bf5befbd3fa449d6e6d8fe1ed4cf8d4e9f43330b423e6245e0a65d3b52015291bbdc189397483f8abd898fe0d6d7597a2cd29076b4f5d364ab6a8796f7698fab07be4f84e8f6479474f4987bc6add5732b2a9a77a99cc22dffa72ea9740fab3d3e91d4ee9f7532dcd49b4dd003ae493843f22e119f0a6a5d603ac383f91c483e632398b80efda2c4820d8ab8041d4242108f8bea42108224507d7fea7fa7be962cd73503a87d60b0f482d204a51355b9f4306657fc8c35cb8faff00a1b4a95ed1671f154ea635c3a7fe803a96d66e9aa4da94d5bb76889a84a4dccca226534f96130d266a650d2fe95b8d30a75690a0a4ee48252a0307553eb3ebf6b2750d7ad4350b5ab52ef2d50bda65454f556b551726df209fca952c9d881e4948091e4045fd2d1671989d15bc93d8d9aa757d6c7e2c4e9e74e5baada7d15e995675e2ea48536ddcb71a1da4d09950270b6e5fff0037343d88601fe6310cfeb4fe249d6375e9743b71f523acb705d9496dd2ed3ede953f2744a4fa7cb53db21b4a80e3c45ef70f9acc59029c097149092a5670771f3f58eba65c5ab824255fde09fb448b6998c1e10a89793bd7d589f75d2a2eb8a7167cc9cc7f33412a21783db938ff0008e2b2d943842525401fde3b40c873681b493d8662b065c597c0570e90dee9a6cfd491bbb8e4c6caff0083b3d3b35f0e4e8aae52e4c4d32dd9e9905b8bfa94da199a7dada7d423c3dbfee6dfe431ad924194b4f27ea24023383cc6c96fc3df5b96bc7e161a13252ea4cc4dd1666bd497519e5a5b3569850483ea10fa0e7dfb447624cf00fbab8a6758acd0dbd48964a672ad6ea84a4eb8801e930006e6707f48fd2723b88b6ed6de92a957cbb3178e9e093b6ef959df394d75011295373ba9400ff62e9fe71949fd433f545d6c8d0034d4acdd296a0d249506c7e6689ee00f4cf97f771c0f6b4f9c97a8b213516429d1c6e030a07d418c6313c260ac88c350db8f8ea39152d86e293d24a2681d63f3d0f30b02356a254adb9e9da05d34aa85bd5960ed7a5a71bd8a1fd493d9493e4a0483e463c3cc5225db7fc66d085a33e99c9ff3e519fed43d1db2b54e95fc3eeba4cbd5db4a7fd5e612764ccaa8f728707293ff0023e60c638354fa21d4db7113739a773acde34a1b9499770a5a9c4273c2707e874e3d0a4fb4698c6f602aa98e6a71de33a7d43ee38f97a05b8f04db9a4a9192a0f76febf49fb1e1e7ea5595269f4f385ec436a3ce09ec3ce39f2ecd343e84a0a370e738f38eaa9f61eaadc174ce59d4fb12ef9eb9a5f97a4d34f712b607aac280094ff51383e462f074d7a12d5eadfcbcf5e1316fd8b22405ed7dcf999903ff006db3b41c7aabf68c529308aca976582227cac3d4e83d56535d8a5252b734d281a73b9f41a956f62a32926c02dee5ed0711c5a0db77eeab541548b0ed9a9575c070ebada76b2c8cf25c7d44213dc77398cacdb3d1be8e5bc860d7bf8a5f1383194cd2b0cb8b1e4186f19fb28a87ac5d051ad391a14831214ca653edda4b047cbcb32d21096c018fa5b4809479f2066337c3bb32a8908358f0d6f26ea7d770f7585625da54118b5230b9dcce83d379f6560fa1bd21d2349e658bfef89b6ee3d4267ea9565a00cb535c50c0f0c11971df20e900273f48cfd515b6ec54d57aefb76929292844c36b7108194b43761291ee4f27d93ef15c2a294b930a32a82895402af14f25d73b67df1ce3dcc799a5db8d333d21381044e3b36c369511ce37f38f6c0573e649f419db3836074f47108295b95bc7af527895aa716c6ea2ae533d4bb33be07203805a8bb55f735a9fa9cdaca5c5a6e5ab24909da147e75ef2f2fb794787939b56c19582a191c7947b6d5e70b9aa9a9ee05a5495dcd565e7f987cf3c78fef8a64c29614a0083ce400388d896e0b136ea345727a31d45eb26825cb29766926a5de5a717132b4b8d4f51aa4eca3cd2c720ee411b87aa540a4f620c4a07a23fc52fac564aa8f6575a5a7f21acd6e20a5972eab7d0d53eb4ca381bde95e25a68803f4f80a3ea4c43ebc551581db3d8fac72533401015f49ed91c7f7c529a063c59e17d8e4734e8b6f8f49bd77f4abd6ddacab9fa72d5db76f97196d2e4fd24a8cb556959c713322e61d6c64e37e0a09eca3177a083c83911a6834d357f513496e8a35eda6b7b5cf63ddf20f07a4aa7499d72566a5560f76dd6c850eddb383e712b1e81ff00141eaa58cdd32c5eb66d63ac76d2021a45d5474352b5a9748c0cbecfd2c4de00effd92c9e4a9462266c2dc358cdfe55f4757ff0020a75d08a19d38f523a37d58e925b3adda117948defa7b550b4b134d254db8c3c83b5c61f694029a790afa54850c8e0f20825116e6906c55e35c08b854d35034f299ab161ea2d8b75cb373f42b868b3f6f38c3a328f066a5dc9750dbf674c69ebbcecfaad8576dd563d699765eb344a9cdd1e6d0b4e1497a5de5b0b04797d4d2a108c830ff00a4ab093eafef45e3c051593c9c9e331f8b69008ca09513d879c2117ae54c15f20de17918049e33de3b36790949236e71da108f2ce48e365ca6461cddb703d3113e2fc29ba8f2b5de91f5c34d1f99067ad7bfd4f868fe895a94934e20fd8bb29323ef0845ad7b418eeab43a38db9294bfca3b22a71d61384e7763d7d711da969a7db44eb6da0af8de07193eb08440b9a15d071b2e64ab5b8ee69d32cbfe558ff223b5599a966f7be65d48c84e49e0e4e3feb084512bd2fd9a4161a5259084a95f997e78f6cfa7a79470a5e595505bada9ea8784d94e56b400959233f42877c763e861088f121efadc15503c375dca1894a7a0861a6d0a030558e4fef1d2cf39e310daf72ca86423cd43ede63fe508449302a04ae02e510c36a796942dd09c213e488f3f519944814cd3cafa25da7264a8fe9dad2959ff00130845f46d56ef5a75af09d72a171dc3514ab70999f9999fbef794bcfefba3c903b5584902108c91c35563195f75ba13b4956e8fed050a07085003d7c8fed0847c2bd379afc4babedb801df04e23b6969a702db29c95e32707cfda108f2423c2d8a3f86e2da9bb5fe19f685c138a9a937ee5bcee1ac4ba8a880e34979b9441c0ec49945fde1084424d182f2abc4f3957ffd9	2024-05-01 00:00:00	2024-08-02 16:59:34.80522
2	Сидорова	Анна	Ивановна	Жен	1983-04-12	+79823335555	\N	\N	2024-08-02 17:05:51.511572	2024-08-02 17:05:51.491635
3	Шугаев	Иван	Михайлович	Муж	1990-11-11	+79823335588	\N	\N	2024-08-02 17:08:30.650425	2024-08-02 17:08:30.649203
4	Иванов	Иван	Михайлович	Муж	2000-10-01	+79823335599	\N	\N	2024-08-04 02:34:09	2024-08-04 02:34:26.005223
\.


--
-- TOC entry 4878 (class 0 OID 41215)
-- Dependencies: 220
-- Data for Name: position; Type: TABLE DATA; Schema: public; Owner: postgres
--

COPY public."position" (id_position, name_position, id_department, date_creation_position, date_liquidation_position, date_creation_record, modified_date_record) FROM stdin;
1	Генеральный директор	1	2024-05-01	2999-01-01	2024-05-01 00:00:00	\N
2	Начальник отдела кадров	2	2024-05-01	2999-01-01	2024-08-01 19:45:59.105205	\N
3	Делопроизводитель	2	2024-05-01	2999-01-01	2024-08-02 20:35:25.215895	\N
4	Специалист ОК	2	2024-05-01	2999-01-01	2024-08-03 01:47:25.022618	\N
5	Ведущий специалист ОК	2	2024-05-01	2999-01-01	2024-08-03 01:47:53.522271	\N
6	Заместитель начальника ОК	2	2021-01-01	2999-01-01	2024-08-04 02:53:40.178471	\N
\.


--
-- TOC entry 4874 (class 0 OID 41194)
-- Dependencies: 216
-- Data for Name: structural_division; Type: TABLE DATA; Schema: public; Owner: postgres
--

COPY public.structural_division (id_department, department_code, full_title, abbreviation, date_creation, date_liquidation, id_position_chief, id_parent, level, date_creation_record, modified_date_record) FROM stdin;
1	0001	ООО "Новые технологии"	ООО НТ	2024-05-01	2999-01-01	1	0	2	2024-05-01 00:00:00	2024-08-02 20:11:23.304067
2	0002	Отдел кадров	ОК	2024-08-02	2999-01-01	2	1	3	-infinity	2024-08-04 18:53:28.699737
\.


--
-- TOC entry 4887 (class 0 OID 0)
-- Dependencies: 221
-- Name: employee_id_employee_seq; Type: SEQUENCE SET; Schema: public; Owner: postgres
--

SELECT pg_catalog.setval('public.employee_id_employee_seq', 10, true);


--
-- TOC entry 4888 (class 0 OID 0)
-- Dependencies: 217
-- Name: person_id_person_seq; Type: SEQUENCE SET; Schema: public; Owner: postgres
--

SELECT pg_catalog.setval('public.person_id_person_seq', 4, true);


--
-- TOC entry 4889 (class 0 OID 0)
-- Dependencies: 219
-- Name: position_id_position_seq; Type: SEQUENCE SET; Schema: public; Owner: postgres
--

SELECT pg_catalog.setval('public.position_id_position_seq', 6, true);


--
-- TOC entry 4890 (class 0 OID 0)
-- Dependencies: 215
-- Name: structural_division_id_department_seq; Type: SEQUENCE SET; Schema: public; Owner: postgres
--

SELECT pg_catalog.setval('public.structural_division_id_department_seq', 6, true);


--
-- TOC entry 4723 (class 2606 OID 41224)
-- Name: employee employee_pkey; Type: CONSTRAINT; Schema: public; Owner: postgres
--

ALTER TABLE ONLY public.employee
    ADD CONSTRAINT employee_pkey PRIMARY KEY (id_employee);


--
-- TOC entry 4718 (class 2606 OID 41240)
-- Name: person person_pkey; Type: CONSTRAINT; Schema: public; Owner: postgres
--

ALTER TABLE ONLY public.person
    ADD CONSTRAINT person_pkey PRIMARY KEY (id_person);


--
-- TOC entry 4721 (class 2606 OID 41226)
-- Name: position position_pkey; Type: CONSTRAINT; Schema: public; Owner: postgres
--

ALTER TABLE ONLY public."position"
    ADD CONSTRAINT position_pkey PRIMARY KEY (id_position);


--
-- TOC entry 4714 (class 2606 OID 41213)
-- Name: structural_division structural_division_department_code_key; Type: CONSTRAINT; Schema: public; Owner: postgres
--

ALTER TABLE ONLY public.structural_division
    ADD CONSTRAINT structural_division_department_code_key UNIQUE (department_code);


--
-- TOC entry 4716 (class 2606 OID 41198)
-- Name: structural_division structural_division_pkey; Type: CONSTRAINT; Schema: public; Owner: postgres
--

ALTER TABLE ONLY public.structural_division
    ADD CONSTRAINT structural_division_pkey PRIMARY KEY (id_department);


--
-- TOC entry 4724 (class 1259 OID 41246)
-- Name: fki_employee_id_person_person; Type: INDEX; Schema: public; Owner: postgres
--

CREATE INDEX fki_employee_id_person_person ON public.employee USING btree (id_person);


--
-- TOC entry 4725 (class 1259 OID 41258)
-- Name: fki_employee_id_position_position; Type: INDEX; Schema: public; Owner: postgres
--

CREATE INDEX fki_employee_id_position_position ON public.employee USING btree (id_position);


--
-- TOC entry 4719 (class 1259 OID 41238)
-- Name: fki_position_id_department_structural_division; Type: INDEX; Schema: public; Owner: postgres
--

CREATE INDEX fki_position_id_department_structural_division ON public."position" USING btree (id_department);


--
-- TOC entry 4712 (class 1259 OID 41232)
-- Name: fki_structural_division_id_position_chief_position; Type: INDEX; Schema: public; Owner: postgres
--

CREATE INDEX fki_structural_division_id_position_chief_position ON public.structural_division USING btree (id_position_chief);


--
-- TOC entry 4728 (class 2606 OID 41310)
-- Name: employee employee_id_person_person; Type: FK CONSTRAINT; Schema: public; Owner: postgres
--

ALTER TABLE ONLY public.employee
    ADD CONSTRAINT employee_id_person_person FOREIGN KEY (id_person) REFERENCES public.person(id_person) ON UPDATE CASCADE ON DELETE CASCADE;


--
-- TOC entry 4729 (class 2606 OID 41315)
-- Name: employee employee_id_position_position; Type: FK CONSTRAINT; Schema: public; Owner: postgres
--

ALTER TABLE ONLY public.employee
    ADD CONSTRAINT employee_id_position_position FOREIGN KEY (id_position) REFERENCES public."position"(id_position) ON UPDATE CASCADE ON DELETE CASCADE;


--
-- TOC entry 4727 (class 2606 OID 41325)
-- Name: position position_id_department_structural_division; Type: FK CONSTRAINT; Schema: public; Owner: postgres
--

ALTER TABLE ONLY public."position"
    ADD CONSTRAINT position_id_department_structural_division FOREIGN KEY (id_department) REFERENCES public.structural_division(id_department) ON UPDATE CASCADE ON DELETE CASCADE;


--
-- TOC entry 4726 (class 2606 OID 41320)
-- Name: structural_division structural_division_id_position_chief_position; Type: FK CONSTRAINT; Schema: public; Owner: postgres
--

ALTER TABLE ONLY public.structural_division
    ADD CONSTRAINT structural_division_id_position_chief_position FOREIGN KEY (id_position_chief) REFERENCES public."position"(id_position) ON UPDATE CASCADE ON DELETE CASCADE;


-- Completed on 2024-08-05 02:10:08

--
-- PostgreSQL database dump complete
--

